text,obfuscatedText,mechanism
will there be a new season of cutthroat kitchen,will there be a new season of cutthroat kitchen,Mahalanobis
will there be a new season of cutthroat kitchen,will there be a new season of cutthroat kitchen,Mahalanobis
will there be a new season of cutthroat kitchen,will there be a new season of cutthroat kitchen,Mahalanobis
will there be a new season of cutthroat kitchen,will there be a new season of cutthroat kitchen,Mahalanobis
will there be a new season of cutthroat kitchen,will there be a new season of cutthroat kitchen,Mahalanobis
will there be a new season of cutthroat kitchen,will there be a new season of cutthroat kitchen,Mahalanobis
will there be a new season of cutthroat kitchen,will there be a new season of cutthroat kitchen,Mahalanobis
will there be a new season of cutthroat kitchen,will there be a new season of cutthroat kitchen,Mahalanobis
will there be a new season of cutthroat kitchen,will there be a new season of cutthroat kitchen,Mahalanobis
will there be a new season of cutthroat kitchen,will there be a new season of cutthroat kitchen,Mahalanobis
can elves and humans mate lord of the rings,can elves and humans mate lord of the rings,Mahalanobis
can elves and humans mate lord of the rings,can elves and humans mate lord of the rings,Mahalanobis
can elves and humans mate lord of the rings,can elves and humans mate lord of the rings,Mahalanobis
can elves and humans mate lord of the rings,can elves and humans mate lord of the rings,Mahalanobis
can elves and humans mate lord of the rings,can elves moreover humans mate lord of the rings,Mahalanobis
can elves and humans mate lord of the rings,can elves and humans mate lord of the rings,Mahalanobis
can elves and humans mate lord of the rings,can elves and humans mate lord of the rings,Mahalanobis
can elves and humans mate lord of the rings,can elves and humans mate lord of the rings,Mahalanobis
can elves and humans mate lord of the rings,can elves and humans mate lord of the rings,Mahalanobis
can elves and humans mate lord of the rings,can elves and humans mate lord of the rings,Mahalanobis
is saline and sodium chloride the same thing,is saline and sodium chloride the same thing,Mahalanobis
is saline and sodium chloride the same thing,is saline and sodium chloride the same thing,Mahalanobis
is saline and sodium chloride the same thing,is saline and sodium chloride the same thing,Mahalanobis
is saline and sodium chloride the same thing,is saline and sodium chloride the same thing,Mahalanobis
is saline and sodium chloride the same thing,is saline and sodium chloride the same thing,Mahalanobis
is saline and sodium chloride the same thing,is saline and sodium chloride the same thing,Mahalanobis
is saline and sodium chloride the same thing,is saline and sodium chloride the same thing,Mahalanobis
is saline and sodium chloride the same thing,is saline and sodium chloride the same thing,Mahalanobis
is saline and sodium chloride the same thing,is saline and sodium chloride the same thing,Mahalanobis
is saline and sodium chloride the same thing,is saline and sodium chloride the same thing,Mahalanobis
science begins with the premise that knowledge should first be acquired through observation,science begins with the premise that knowledge should first be acquired through observation,Mahalanobis
science begins with the premise that knowledge should first be acquired through observation,science begins with the premise that knowledge should first be acquired through observation,Mahalanobis
science begins with the premise that knowledge should first be acquired through observation,science begins with the premise that knowledge should first be acquired through observation,Mahalanobis
science begins with the premise that knowledge should first be acquired through observation,science begins with the premise that knowledge should first be acquired through observation,Mahalanobis
science begins with the premise that knowledge should first be acquired through observation,science begins with the premise that knowledge should first be acquired through observation,Mahalanobis
science begins with the premise that knowledge should first be acquired through observation,science begins with the premise that knowledge should first be acquired through observation,Mahalanobis
science begins with the premise that knowledge should first be acquired through observation,science begins with the premise that knowledge should first be acquired through observation,Mahalanobis
science begins with the premise that knowledge should first be acquired through observation,science begins with the premise that knowledge should first be acquired through observation,Mahalanobis
science begins with the premise that knowledge should first be acquired through observation,science begins with the premise that knowledge should first be acquired through observation,Mahalanobis
science begins with the premise that knowledge should first be acquired through observation,science begins with the premise that knowledge should first be acquired through observation,Mahalanobis
is the blues brothers based on a true story,is the blues brothers based on a true story,Mahalanobis
is the blues brothers based on a true story,is the blues brothers based on a true story,Mahalanobis
is the blues brothers based on a true story,is the blues brothers based on a true story,Mahalanobis
is the blues brothers based on a true story,is the blues brothers based on a true story,Mahalanobis
is the blues brothers based on a true story,is the blues brothers based on a true story,Mahalanobis
is the blues brothers based on a true story,is the blues brothers based on a true story,Mahalanobis
is the blues brothers based on a true story,is the blues brothers based on a true story,Mahalanobis
is the blues brothers based on a true story,is the blues brothers based on a true story,Mahalanobis
is the blues brothers based on a true story,is the blues brothers based on a true story,Mahalanobis
is the blues brothers based on a true story,is the blues brothers based on a true story,Mahalanobis
is jack sikma in the hall of fame,is jack sikma in the hall of fame,Mahalanobis
is jack sikma in the hall of fame,is jack sikma in the hall of fame,Mahalanobis
is jack sikma in the hall of fame,is jack sikma in the hall of fame,Mahalanobis
is jack sikma in the hall of fame,is jack sikma in the hall of fame,Mahalanobis
is jack sikma in the hall of fame,is jack sikma in the hall of fame,Mahalanobis
is jack sikma in the hall of fame,is jack sikma in the hall of fame,Mahalanobis
is jack sikma in the hall of fame,is jack sikma in the hall of fame,Mahalanobis
is jack sikma in the hall of fame,is jack sikma in the hall of fame,Mahalanobis
is jack sikma in the hall of fame,is jack sikma in the hall of fame,Mahalanobis
is jack sikma in the hall of fame,is jack sikma in the hall of fame,Mahalanobis
is croatia part of the european economic area,is croatia part of the european economic area,Mahalanobis
is croatia part of the european economic area,is croatia part of the european economic area,Mahalanobis
is croatia part of the european economic area,is croatia part of the european economic area,Mahalanobis
is croatia part of the european economic area,is croatia part of the european economic area,Mahalanobis
is croatia part of the european economic area,is croatia part of the european economic area,Mahalanobis
is croatia part of the european economic area,is croatia part of the european economic area,Mahalanobis
is croatia part of the european economic area,is croatia part of the european economic area,Mahalanobis
is croatia part of the european economic area,is croatia part of the european economic area,Mahalanobis
is croatia part of the european economic area,is croatia part of the european economic area,Mahalanobis
is croatia part of the european economic area,is croatia part of the european economic area,Mahalanobis
is jersey currency legal tender in the uk,is jersey currency legal tender in the uk,Mahalanobis
is jersey currency legal tender in the uk,is jersey currency legal tender in the uk,Mahalanobis
is jersey currency legal tender in the uk,is jersey currency legal tender in the uk,Mahalanobis
is jersey currency legal tender in the uk,is jersey currency legal tender in the uk,Mahalanobis
is jersey currency legal tender in the uk,is jersey currency legal tender in the uk,Mahalanobis
is jersey currency legal tender in the uk,is jersey currency legal tender in the uk,Mahalanobis
is jersey currency legal tender in the uk,is jersey currency legal tender in the uk,Mahalanobis
is jersey currency legal tender in the uk,is jersey currency legal tender in the uk,Mahalanobis
is jersey currency legal tender in the uk,is jersey currency legal tender in the uk,Mahalanobis
is jersey currency legal tender in the uk,is jersey currency legal tender in the uk,Mahalanobis
is confectionary sugar the same as powdered sugar,is confectionary sugar the same as powdered sugar,Mahalanobis
is confectionary sugar the same as powdered sugar,is confectionary sugar the same as powdered sugar,Mahalanobis
is confectionary sugar the same as powdered sugar,is confectionary sugar the same as powdered sugar,Mahalanobis
is confectionary sugar the same as powdered sugar,is confectionary sugar the same as powdered sugar,Mahalanobis
is confectionary sugar the same as powdered sugar,is confectionary sugar the same as powdered sugar,Mahalanobis
is confectionary sugar the same as powdered sugar,is confectionary sugar the same as powdered sugar,Mahalanobis
is confectionary sugar the same as powdered sugar,is confectionary sugar the same as powdered sugar,Mahalanobis
is confectionary sugar the same as powdered sugar,is confectionary sugar the same as powdered sugar,Mahalanobis
is confectionary sugar the same as powdered sugar,is confectionary sugar the same as powdered sugar,Mahalanobis
is confectionary sugar the same as powdered sugar,is confectionary sugar the same as powdered sugar,Mahalanobis
calcium carbide cac2 is the raw material for the production of acetylene,calcium carbide third-tallest is the raw material for the production of acetylene,Mahalanobis
calcium carbide cac2 is the raw material for the production of acetylene,calcium carbide exonerated is the raw material for the production of acetylene,Mahalanobis
calcium carbide cac2 is the raw material for the production of acetylene,calcium carbide 2-for-4 is the raw material for the production of acetylene,Mahalanobis
calcium carbide cac2 is the raw material for the production of acetylene,calcium carbide midprice is the raw material for the production of acetylene,Mahalanobis
calcium carbide cac2 is the raw material for the production of acetylene,calcium carbide examines is the raw material for the production of acetylene,Mahalanobis
calcium carbide cac2 is the raw material for the production of acetylene,calcium carbide context is the raw material for the production of acetylene,Mahalanobis
calcium carbide cac2 is the raw material for the production of acetylene,calcium carbide jellyfish is the raw material for the production of acetylene,Mahalanobis
calcium carbide cac2 is the raw material for the production of acetylene,calcium carbide colonic is the raw material for the production of acetylene,Mahalanobis
calcium carbide cac2 is the raw material for the production of acetylene,calcium carbide stanoiu is the raw material for the production of acetylene,Mahalanobis
calcium carbide cac2 is the raw material for the production of acetylene,calcium carbide wacky is the raw material for the production of acetylene,Mahalanobis
do iran and afghanistan speak the same language,do iran and afghanistan speak the same language,Mahalanobis
do iran and afghanistan speak the same language,do iran and afghanistan speak the same language,Mahalanobis
do iran and afghanistan speak the same language,do iran and afghanistan speak the same language,Mahalanobis
do iran and afghanistan speak the same language,"do iran , afghanistan speak the exactly language",Mahalanobis
do iran and afghanistan speak the same language,pretend iran and afghanistan speak the same language,Mahalanobis
do iran and afghanistan speak the same language,do iran and afghanistan speak the same language,Mahalanobis
do iran and afghanistan speak the same language,do iran and afghanistan speak the same language,Mahalanobis
do iran and afghanistan speak the same language,do iran and afghanistan speak the same language,Mahalanobis
do iran and afghanistan speak the same language,do iran and afghanistan speak the same language,Mahalanobis
do iran and afghanistan speak the same language,do iran and afghanistan speak the same language,Mahalanobis
is elder scrolls online the same as skyrim,is elder scrolls online the same as mccoys,Mahalanobis
is elder scrolls online the same as skyrim,is elder scrolls online the same as hamam,Mahalanobis
is elder scrolls online the same as skyrim,is elder scrolls online the same as 1470,Mahalanobis
is elder scrolls online the same as skyrim,is elder scrolls online the same as brawling,Mahalanobis
is elder scrolls online the same as skyrim,is elder scrolls online the same as deak,Mahalanobis
is elder scrolls online the same as skyrim,is elder scrolls online the same as narrowed,Mahalanobis
is elder scrolls online the same as skyrim,is elder scrolls online the same as bilanga,Mahalanobis
is elder scrolls online the same as skyrim,is elder scrolls online the same as nîmes,Mahalanobis
is elder scrolls online the same as skyrim,is elder scrolls online the same as merlots,Mahalanobis
is elder scrolls online the same as skyrim,is elder scrolls online the same as saarbruecken,Mahalanobis
the boy in the plastic bubble based on true story,the boy in the plastic bubble based on true story,Mahalanobis
the boy in the plastic bubble based on true story,the boy in the plastic bubble based on true story,Mahalanobis
the boy in the plastic bubble based on true story,the boy in the plastic bubble based on true story,Mahalanobis
the boy in the plastic bubble based on true story,the boy in the plastic bubble based on true story,Mahalanobis
the boy in the plastic bubble based on true story,the boy in the plastic bubble based on true story,Mahalanobis
the boy in the plastic bubble based on true story,the boy in the plastic bubble based on true story,Mahalanobis
the boy in the plastic bubble based on true story,the boy in the plastic bubble based on true story,Mahalanobis
the boy in the plastic bubble based on true story,the boy in the plastic bubble based on true story,Mahalanobis
the boy in the plastic bubble based on true story,the boy in the plastic bubble based on true story,Mahalanobis
the boy in the plastic bubble based on true story,the boy in the plastic bubble based on true story,Mahalanobis
is the federal court the same as the supreme court,is the federal court the same as the supreme court,Mahalanobis
is the federal court the same as the supreme court,is the federal court the same as the supreme court,Mahalanobis
is the federal court the same as the supreme court,is the federal court the same as the supreme court,Mahalanobis
is the federal court the same as the supreme court,is the federal court the same as the supreme court,Mahalanobis
is the federal court the same as the supreme court,is the federal court the same as the supreme court,Mahalanobis
is the federal court the same as the supreme court,is the federal court the same as the supreme court,Mahalanobis
is the federal court the same as the supreme court,is the federal court the same as the supreme court,Mahalanobis
is the federal court the same as the supreme court,is the federal court the same as the supreme court,Mahalanobis
is the federal court the same as the supreme court,is the federal court the same as the supreme court,Mahalanobis
is the federal court the same as the supreme court,is the federal court the same as the supreme court,Mahalanobis
is the movie fools gold a true story,is the movie fools gold a true story,Mahalanobis
is the movie fools gold a true story,is the movie fools gold a true story,Mahalanobis
is the movie fools gold a true story,is the movie fools gold a true story,Mahalanobis
is the movie fools gold a true story,is the movie fools gold a true story,Mahalanobis
is the movie fools gold a true story,is the movie fools gold a true story,Mahalanobis
is the movie fools gold a true story,is the movie fools gold a true story,Mahalanobis
is the movie fools gold a true story,is the movie fools gold a true story,Mahalanobis
is the movie fools gold a true story,is the movie fools gold a true story,Mahalanobis
is the movie fools gold a true story,is the movie fools gold a true story,Mahalanobis
is the movie fools gold a true story,is the movie fools gold a true story,Mahalanobis
will there be a season 4 of da vincis demons,will there be a season 4 of da angol demons,Mahalanobis
will there be a season 4 of da vincis demons,will there be a season 4 of da type demons,Mahalanobis
will there be a season 4 of da vincis demons,will there be a season 3 of da distinguishes demons,Mahalanobis
will there be a season 4 of da vincis demons,will there be a season 4 of da immortal demons,Mahalanobis
will there be a season 4 of da vincis demons,will there be a season 4 of da kiting demons,Mahalanobis
will there be a season 4 of da vincis demons,will there be a season 4 of da inflator demons,Mahalanobis
will there be a season 4 of da vincis demons,will there be a season 4 of da xiaomei demons,Mahalanobis
will there be a season 4 of da vincis demons,will there be a season 4 of da ics demons,Mahalanobis
will there be a season 4 of da vincis demons,will there be a season 4 of da nokomis demons,Mahalanobis
will there be a season 4 of da vincis demons,will there be a season 4 of da wèi demons,Mahalanobis
did abraham lincoln write the letter in saving private ryan,did abraham lincoln write the letter in saving private ryan,Mahalanobis
did abraham lincoln write the letter in saving private ryan,did abraham lincoln write the letter in saving private ryan,Mahalanobis
did abraham lincoln write the letter in saving private ryan,did abraham lincoln write the letter in saving private ryan,Mahalanobis
did abraham lincoln write the letter in saving private ryan,did abraham lincoln write the letter in saving private ryan,Mahalanobis
did abraham lincoln write the letter in saving private ryan,did abraham lincoln write the letter in saving private ryan,Mahalanobis
did abraham lincoln write the letter in saving private ryan,did abraham lincoln write the letter in saving private ryan,Mahalanobis
did abraham lincoln write the letter in saving private ryan,did abraham lincoln write the letter in saving private ryan,Mahalanobis
did abraham lincoln write the letter in saving private ryan,did abraham lincoln write the letter in saving private ryan,Mahalanobis
did abraham lincoln write the letter in saving private ryan,did abraham lincoln write the letter in saving private ryan,Mahalanobis
did abraham lincoln write the letter in saving private ryan,did abraham lincoln write the letter in saving private ryan,Mahalanobis
is there a now you see me 3 coming out,is there a now you see me 2 coming out,Mahalanobis
is there a now you see me 3 coming out,is there a now you see me 3 coming out,Mahalanobis
is there a now you see me 3 coming out,is there a now you see me 3 coming out,Mahalanobis
is there a now you see me 3 coming out,is there a now you see me 3 coming out,Mahalanobis
is there a now you see me 3 coming out,is there a now you see me 3 coming out,Mahalanobis
is there a now you see me 3 coming out,is there a now you see me 3 coming out,Mahalanobis
is there a now you see me 3 coming out,is there a now you see me 3 coming out,Mahalanobis
is there a now you see me 3 coming out,is there a now you see me 3 coming out,Mahalanobis
is there a now you see me 3 coming out,is there a now you see me 3 coming out,Mahalanobis
is there a now you see me 3 coming out,is there a now you see me 3 coming out,Mahalanobis
do you always have to say check in chess,do you always have to say check in chess,Mahalanobis
do you always have to say check in chess,do you always have to say check in chess,Mahalanobis
do you always have to say check in chess,do you always have to say check in chess,Mahalanobis
do you always have to say check in chess,do you always have to say check in chess,Mahalanobis
do you always have to say check in chess,do you always have to say check in chess,Mahalanobis
do you always have to say check in chess,do you always have to say check in chess,Mahalanobis
do you always have to say check in chess,do you always have to say check in chess,Mahalanobis
do you always have to say check in chess,do you always have to say check in chess,Mahalanobis
do you always have to say check in chess,n't you always have to say check in chess,Mahalanobis
do you always have to say check in chess,do you always have to say check in chess,Mahalanobis
does a penalty shoot out goal count towards the golden boot,does a penalty shoot out goal count towards the golden boot,Mahalanobis
does a penalty shoot out goal count towards the golden boot,does a penalty shoot out goal count towards the golden boot,Mahalanobis
does a penalty shoot out goal count towards the golden boot,does a penalty shoot out goal count towards the golden boot,Mahalanobis
does a penalty shoot out goal count towards the golden boot,does a penalty shoot out goal count towards the golden boot,Mahalanobis
does a penalty shoot out goal count towards the golden boot,does a penalty shoot out goal count towards the golden boot,Mahalanobis
does a penalty shoot out goal count towards the golden boot,does a penalty shoot out goal count towards the golden boot,Mahalanobis
does a penalty shoot out goal count towards the golden boot,does a penalty shoot out goal count towards the golden boot,Mahalanobis
does a penalty shoot out goal count towards the golden boot,does a penalty shoot out goal count towards the golden boot,Mahalanobis
does a penalty shoot out goal count towards the golden boot,does a penalty shoot out goal count towards the golden boot,Mahalanobis
does a penalty shoot out goal count towards the golden boot,does a penalty shoot out goal count towards the golden boot,Mahalanobis
can you drink alcohol in public in denmark,can you drink alcohol in public in denmark,Mahalanobis
can you drink alcohol in public in denmark,can you drink alcohol in public in denmark,Mahalanobis
can you drink alcohol in public in denmark,can you drink alcohol in public in denmark,Mahalanobis
can you drink alcohol in public in denmark,can you drink alcohol in public in denmark,Mahalanobis
can you drink alcohol in public in denmark,can you drink alcohol in public in denmark,Mahalanobis
can you drink alcohol in public in denmark,can you drink alcohol in public in denmark,Mahalanobis
can you drink alcohol in public in denmark,can you drink alcohol in public in denmark,Mahalanobis
can you drink alcohol in public in denmark,can you drink alcohol in public in denmark,Mahalanobis
can you drink alcohol in public in denmark,can you drink alcohol in public in denmark,Mahalanobis
can you drink alcohol in public in denmark,can you drink alcohol in public in denmark,Mahalanobis
has any nfl team played the superbowl at home,has any nfl team played the superbowl at home,Mahalanobis
has any nfl team played the superbowl at home,has any nfl team played the superbowl at home,Mahalanobis
has any nfl team played the superbowl at home,has any nfl team played the superbowl at home,Mahalanobis
has any nfl team played the superbowl at home,has any nfl team played the superbowl at home,Mahalanobis
has any nfl team played the superbowl at home,has any nfl team played the superbowl at home,Mahalanobis
has any nfl team played the superbowl at home,has any nfl team played the superbowl at home,Mahalanobis
has any nfl team played the superbowl at home,has any nfl team played the superbowl at home,Mahalanobis
has any nfl team played the superbowl at home,has any nfl team played the superbowl at home,Mahalanobis
has any nfl team played the superbowl at home,has any nfl team played the superbowl at home,Mahalanobis
has any nfl team played the superbowl at home,has any nfl team played the superbowl at home,Mahalanobis
is a wolverine the same as a badger,is a wolverine the same as a badger,Mahalanobis
is a wolverine the same as a badger,is a wolverine the same as a badger,Mahalanobis
is a wolverine the same as a badger,is a wolverine the same as a badger,Mahalanobis
is a wolverine the same as a badger,is a wolverine the same as a badger,Mahalanobis
is a wolverine the same as a badger,is a wolverine the same as a badger,Mahalanobis
is a wolverine the same as a badger,is a wolverine the same as a badger,Mahalanobis
is a wolverine the same as a badger,is a wolverine the same as a badger,Mahalanobis
is a wolverine the same as a badger,is a wolverine the same as a badger,Mahalanobis
is a wolverine the same as a badger,is a wolverine the same as a badger,Mahalanobis
is a wolverine the same as a badger,is a wolverine the same as a badger,Mahalanobis
is an australian shepherd the same as an australian cattle dog,is an australian shepherd the same as an australian cattle dog,Mahalanobis
is an australian shepherd the same as an australian cattle dog,is an australian shepherd the same as an australian cattle dog,Mahalanobis
is an australian shepherd the same as an australian cattle dog,is an australian shepherd the same as an australian cattle dog,Mahalanobis
is an australian shepherd the same as an australian cattle dog,is an australian shepherd the same as an australian cattle dog,Mahalanobis
is an australian shepherd the same as an australian cattle dog,is an australian shepherd the same as an australian cattle dog,Mahalanobis
is an australian shepherd the same as an australian cattle dog,is an australian shepherd the same as an australian cattle dog,Mahalanobis
is an australian shepherd the same as an australian cattle dog,is an australian shepherd the same as an australian cattle dog,Mahalanobis
is an australian shepherd the same as an australian cattle dog,is an australian shepherd the same as an australian cattle dog,Mahalanobis
is an australian shepherd the same as an australian cattle dog,is an australian shepherd the same as an australian cattle dog,Mahalanobis
is an australian shepherd the same as an australian cattle dog,is an australian shepherd the same as an australian cattle dog,Mahalanobis
is tim brown in the hall of fame,is tim brown in the hall of fame,Mahalanobis
is tim brown in the hall of fame,is tim brown in the hall of fame,Mahalanobis
is tim brown in the hall of fame,is tim brown in the hall of fame,Mahalanobis
is tim brown in the hall of fame,is tim brown in the hall of fame,Mahalanobis
is tim brown in the hall of fame,is tim brown in the hall of fame,Mahalanobis
is tim brown in the hall of fame,is tim brown in the hall of fame,Mahalanobis
is tim brown in the hall of fame,is tim brown in the hall of fame,Mahalanobis
is tim brown in the hall of fame,is tim brown in the hall of fame,Mahalanobis
is tim brown in the hall of fame,is tim brown in the hall of fame,Mahalanobis
is tim brown in the hall of fame,is tim brown in the hall of fame,Mahalanobis
does the icc has jurisdiction in the united states,does the icc has jurisdiction in the united states,Mahalanobis
does the icc has jurisdiction in the united states,does the icc has jurisdiction in the united states,Mahalanobis
does the icc has jurisdiction in the united states,does the icc has jurisdiction in the united states,Mahalanobis
does the icc has jurisdiction in the united states,does the icc has jurisdiction in the united states,Mahalanobis
does the icc has jurisdiction in the united states,does the icc has jurisdiction in the united states,Mahalanobis
does the icc has jurisdiction in the united states,does the icc has jurisdiction in the united states,Mahalanobis
does the icc has jurisdiction in the united states,does the icc has jurisdiction in the united states,Mahalanobis
does the icc has jurisdiction in the united states,does the icc has jurisdiction in the united states,Mahalanobis
does the icc has jurisdiction in the united states,does the icc has jurisdiction in the united states,Mahalanobis
does the icc has jurisdiction in the united states,does the icc has jurisdiction in the united states,Mahalanobis
is windows movie maker part of windows essentials,is windows movie maker part of windows essentials,Mahalanobis
is windows movie maker part of windows essentials,is windows movie maker part of windows essentials,Mahalanobis
is windows movie maker part of windows essentials,is windows movie maker part of windows essentials,Mahalanobis
is windows movie maker part of windows essentials,is windows movie maker part of windows essentials,Mahalanobis
is windows movie maker part of windows essentials,is windows movie maker part of windows essentials,Mahalanobis
is windows movie maker part of windows essentials,is windows movie maker part of windows essentials,Mahalanobis
is windows movie maker part of windows essentials,is windows movie maker part of windows essentials,Mahalanobis
is windows movie maker part of windows essentials,is windows movie maker part of windows essentials,Mahalanobis
is windows movie maker part of windows essentials,is windows movie maker part of windows essentials,Mahalanobis
is windows movie maker part of windows essentials,is windows movie maker part of windows essentials,Mahalanobis
is the fallen movie going to have a sequel,is the fallen movie going to have a sequel,Mahalanobis
is the fallen movie going to have a sequel,is the fallen movie going to have a sequel,Mahalanobis
is the fallen movie going to have a sequel,is the fallen movie going to have a sequel,Mahalanobis
is the fallen movie going to have a sequel,is the fallen movie going to have a sequel,Mahalanobis
is the fallen movie going to have a sequel,is the fallen movie going to have a sequel,Mahalanobis
is the fallen movie going to have a sequel,is the fallen movie going to have a sequel,Mahalanobis
is the fallen movie going to have a sequel,is the fallen movie going to have a sequel,Mahalanobis
is the fallen movie going to have a sequel,is the fallen movie going to have a sequel,Mahalanobis
is the fallen movie going to have a sequel,is the fallen movie going to have a sequel,Mahalanobis
is the fallen movie going to have a sequel,is the fallen movie going to have a sequel,Mahalanobis
is batman and robin a sequel to batman forever,is batman and robin a sequel to batman forever,Mahalanobis
is batman and robin a sequel to batman forever,is batman and robin a sequel to batman forever,Mahalanobis
is batman and robin a sequel to batman forever,is batman and robin a sequel to batman forever,Mahalanobis
is batman and robin a sequel to batman forever,is batman and robin a sequel to batman forever,Mahalanobis
is batman and robin a sequel to batman forever,is batman and robin a sequel to batman forever,Mahalanobis
is batman and robin a sequel to batman forever,is batman and robin a sequel to batman forever,Mahalanobis
is batman and robin a sequel to batman forever,is batman and robin a sequel to batman forever,Mahalanobis
is batman and robin a sequel to batman forever,is batman and robin a sequel to batman forever,Mahalanobis
is batman and robin a sequel to batman forever,is batman and robin a sequel to batman forever,Mahalanobis
is batman and robin a sequel to batman forever,is batman and robin a sequel to batman forever,Mahalanobis
is kingdom manga based on a true story,is kingdom manga based on a true story,Mahalanobis
is kingdom manga based on a true story,is kingdom manga based on a true story,Mahalanobis
is kingdom manga based on a true story,is kingdom manga based on a true story,Mahalanobis
is kingdom manga based on a true story,is kingdom manga based on a true story,Mahalanobis
is kingdom manga based on a true story,is kingdom manga based on a true story,Mahalanobis
is kingdom manga based on a true story,is kingdom manga based on a true story,Mahalanobis
is kingdom manga based on a true story,is kingdom manga based on a true story,Mahalanobis
is kingdom manga based on a true story,is kingdom manga based on a true story,Mahalanobis
is kingdom manga based on a true story,is kingdom manga based on a true story,Mahalanobis
is kingdom manga based on a true story,is kingdom manga based on a true story,Mahalanobis
will there be a green lantern 2 movie,will there be a green lantern 2 movie,Mahalanobis
will there be a green lantern 2 movie,will there be a green lantern 2 movie,Mahalanobis
will there be a green lantern 2 movie,will there be a green lantern 2 movie,Mahalanobis
will there be a green lantern 2 movie,will there be a green lantern 2 movie,Mahalanobis
will there be a green lantern 2 movie,will there be a green lantern 2 movie,Mahalanobis
will there be a green lantern 2 movie,will there be a green lantern 2 movie,Mahalanobis
will there be a green lantern 2 movie,will there be a green lantern 2 movie,Mahalanobis
will there be a green lantern 2 movie,will there be a green lantern 2 movie,Mahalanobis
will there be a green lantern 2 movie,will there be a green lantern 2 movie,Mahalanobis
will there be a green lantern 2 movie,will there be a green lantern 2 movie,Mahalanobis
can you use oyster card at epsom station,can you use oyster card at epsom station,Mahalanobis
can you use oyster card at epsom station,can you use oyster card at epsom station,Mahalanobis
can you use oyster card at epsom station,can you use oyster card at epsom station,Mahalanobis
can you use oyster card at epsom station,can you use oyster card at epsom station,Mahalanobis
can you use oyster card at epsom station,can you use oyster card at epsom station,Mahalanobis
can you use oyster card at epsom station,can ? use oyster card at epsom station,Mahalanobis
can you use oyster card at epsom station,can you use oyster card at epsom station,Mahalanobis
can you use oyster card at epsom station,can you use oyster card at epsom station,Mahalanobis
can you use oyster card at epsom station,can you use oyster card at epsom station,Mahalanobis
can you use oyster card at epsom station,can you use oyster card at epsom station,Mahalanobis
is post office and royal mail the same,is post office and royal mail the same,Mahalanobis
is post office and royal mail the same,is post office and royal mail the same,Mahalanobis
is post office and royal mail the same,is post office and royal mail the same,Mahalanobis
is post office and royal mail the same,is post office and royal mail the same,Mahalanobis
is post office and royal mail the same,is post office and royal mail the same,Mahalanobis
is post office and royal mail the same,is post office and royal mail the same,Mahalanobis
is post office and royal mail the same,is post office and royal mail the same,Mahalanobis
is post office and royal mail the same,is post office and royal mail the coincidentally,Mahalanobis
is post office and royal mail the same,is post office and royal mail the same,Mahalanobis
is post office and royal mail the same,is post office and royal mail the same,Mahalanobis
do good samaritan laws protect those who help at an accident,do good samaritan laws protect those who help at an accident,Mahalanobis
do good samaritan laws protect those who help at an accident,do good samaritan laws protect those who help at an accident,Mahalanobis
do good samaritan laws protect those who help at an accident,do good samaritan laws protect those who help at an accident,Mahalanobis
do good samaritan laws protect those who help at an accident,do good samaritan laws protect those who help at an accident,Mahalanobis
do good samaritan laws protect those who help at an accident,do good samaritan laws protect those who help at an accident,Mahalanobis
do good samaritan laws protect those who help at an accident,do good samaritan laws protect those who help at an accident,Mahalanobis
do good samaritan laws protect those who help at an accident,do good samaritan laws protect those who help at an accident,Mahalanobis
do good samaritan laws protect those who help at an accident,do good samaritan laws protect those who help at an accident,Mahalanobis
do good samaritan laws protect those who help at an accident,do good samaritan laws protect those who help at an accident,Mahalanobis
do good samaritan laws protect those who help at an accident,do good samaritan laws protect those who help at an accident,Mahalanobis
is there a treatment for the bubonic plague,is there a treatment for the bubonic plague,Mahalanobis
is there a treatment for the bubonic plague,is there a treatment for the bubonic plague,Mahalanobis
is there a treatment for the bubonic plague,is there a treatment for the bubonic plague,Mahalanobis
is there a treatment for the bubonic plague,is there a treatment for the bubonic plague,Mahalanobis
is there a treatment for the bubonic plague,is there a treatment for the bubonic plague,Mahalanobis
is there a treatment for the bubonic plague,is there a treatment for the bubonic plague,Mahalanobis
is there a treatment for the bubonic plague,is there a treatment for the bubonic plague,Mahalanobis
is there a treatment for the bubonic plague,is there a treatment for the bubonic plague,Mahalanobis
is there a treatment for the bubonic plague,is there a treatment for the bubonic plague,Mahalanobis
is there a treatment for the bubonic plague,is there a treatment for the bubonic plague,Mahalanobis
was the leaning tower of pisa built leaning,was the leaning tower of pisa built leaning,Mahalanobis
was the leaning tower of pisa built leaning,was the leaning tower of pisa built leaning,Mahalanobis
was the leaning tower of pisa built leaning,was the leaning tower of pisa built leaning,Mahalanobis
was the leaning tower of pisa built leaning,was the leaning tower of pisa built leaning,Mahalanobis
was the leaning tower of pisa built leaning,was the leaning tower of pisa built leaning,Mahalanobis
was the leaning tower of pisa built leaning,was the leaning tower of pisa built leaning,Mahalanobis
was the leaning tower of pisa built leaning,was the leaning tower of pisa built leaning,Mahalanobis
was the leaning tower of pisa built leaning,was the leaning tower of pisa built leaning,Mahalanobis
was the leaning tower of pisa built leaning,was the leaning tower of pisa built leaning,Mahalanobis
was the leaning tower of pisa built leaning,was the leaning tower of pisa built leaning,Mahalanobis
does the world cup final go to penalties,does the world cup final go to penalties,Mahalanobis
does the world cup final go to penalties,does the world cup final go to penalties,Mahalanobis
does the world cup final go to penalties,does the world cup final go to penalties,Mahalanobis
does the world cup final go to penalties,does the world cup final go to penalties,Mahalanobis
does the world cup final go to penalties,does the world cup final go to penalties,Mahalanobis
does the world cup final go to penalties,does the world cup final go to penalties,Mahalanobis
does the world cup final go to penalties,does the world cup final go to penalties,Mahalanobis
does the world cup final go to penalties,does the world cup final go to penalties,Mahalanobis
does the world cup final go to penalties,does the world cup final go to penalties,Mahalanobis
does the world cup final go to penalties,does the world cup final go to penalties,Mahalanobis
have the milwaukee bucks ever won a championship,have the milwaukee bucks ever won a championship,Mahalanobis
have the milwaukee bucks ever won a championship,have the milwaukee bucks ever won a championship,Mahalanobis
have the milwaukee bucks ever won a championship,have the milwaukee bucks ever won a championship,Mahalanobis
have the milwaukee bucks ever won a championship,have the milwaukee bucks ever won a championship,Mahalanobis
have the milwaukee bucks ever won a championship,have the milwaukee bucks ever won a championship,Mahalanobis
have the milwaukee bucks ever won a championship,have the milwaukee bucks ever won a championship,Mahalanobis
have the milwaukee bucks ever won a championship,have the milwaukee bucks ever won a championship,Mahalanobis
have the milwaukee bucks ever won a championship,have the milwaukee bucks ever won a championship,Mahalanobis
have the milwaukee bucks ever won a championship,have the milwaukee bucks ever won a championship,Mahalanobis
have the milwaukee bucks ever won a championship,have the milwaukee bucks ever won a championship,Mahalanobis
can u marry a dead person in france,can u marry a dead person in france,Mahalanobis
can u marry a dead person in france,can u marry a dead person in france,Mahalanobis
can u marry a dead person in france,can u marry a dead person in france,Mahalanobis
can u marry a dead person in france,can u marry a dead person in france,Mahalanobis
can u marry a dead person in france,can u marry a dead person in france,Mahalanobis
can u marry a dead person in france,can u marry a dead person in france,Mahalanobis
can u marry a dead person in france,can u marry a dead person in france,Mahalanobis
can u marry a dead person in france,can u marry a dead person in france,Mahalanobis
can u marry a dead person in france,can u marry a dead person in france,Mahalanobis
can u marry a dead person in france,can u marry a dead person in france,Mahalanobis
is tomato puree and tomato sauce the same thing,is tomato puree and tomato sauce the same thing,Mahalanobis
is tomato puree and tomato sauce the same thing,is tomato puree and tomato sauce the same thing,Mahalanobis
is tomato puree and tomato sauce the same thing,is tomato puree and tomato sauce the same thing,Mahalanobis
is tomato puree and tomato sauce the same thing,is tomato puree and tomato sauce the same thing,Mahalanobis
is tomato puree and tomato sauce the same thing,is tomato puree and tomato sauce the same thing,Mahalanobis
is tomato puree and tomato sauce the same thing,is tomato puree and tomato sauce the same thing,Mahalanobis
is tomato puree and tomato sauce the same thing,is tomato puree and tomato sauce the same thing,Mahalanobis
is tomato puree and tomato sauce the same thing,is tomato puree and tomato sauce the same thing,Mahalanobis
is tomato puree and tomato sauce the same thing,is tomato puree and tomato sauce the same thing,Mahalanobis
is tomato puree and tomato sauce the same thing,is tomato puree and tomato sauce the same thing,Mahalanobis
